,ID Number,d [mm],Fx [N],Fy [N],F [N],τ [MPa],RF [-],σ1 [MPa],RF1 [-],σ2 [MPa],RF2 [-]
0,1,9.525,14.285930095308101,25.567842016725603,29.288262906500087,219.10307870813108,0.45640618374518954,3.074883244776912,0.32521560020161083,3.074883244776912,0.32521560020161083
1,2,9.525,10.98917699639085,19.66757078209662,22.529433005000072,168.5408297754855,1.190216045970705,2.3652948036745483,0.42278028026209397,2.3652948036745483,0.42278028026209397
2,3,9.525,5.494588498195425,9.83378539104831,11.264716502500036,84.27041488774275,0.011866560777374925,0.4548643853220285,2.198457457362889,0.01182647401837274,84.5560560524188
3,4,9.525,10.98917699639085,19.66757078209662,22.529433005000072,168.5408297754855,1.190216045970705,2.3652948036745483,0.42278028026209397,2.3652948036745483,0.42278028026209397
